id,true_label,rationales,post_tokens,text,predicted_label,hate_probability
1179096698498568192_twitter,1,[],"['you' 'bitches' 'are' 'retarded' 'learn' 'your' 'self' 'worth' 'stop'
 'trying' 'to' 'come' 'for' 'the' 'female' 'and' 'correct' 'your' 'wack'
 'ass' 'man']",you bitches are retarded learn your self worth stop trying to come for the female and correct your wack ass man,0,0.45630378
21701264_gab,0,[0 0 0 0 0 1 1 1 1 1 0 0 0 0 0 0 0 0 0 0 0 0 0 0 0 0 0 0 1 0 0 0 0],"['i' 'see' 'a' 'lot' 'of' 'brown' 'people' 'and' 'stupid' 'women' 'being'
 'the' 'ones' 'in' 'these' 'marches' 'young' 'white' 'men' 'know' 'what'
 'is' 'up' 'do' 'not' 'let' 'the' 'msm' 'gaslight' 'you' 'to' 'think'
 'otherwise']",i see a lot of brown people and stupid women being the ones in these marches young white men know what is up do not let the msm gaslight you to think otherwise,1,0.7876047
11788282_gab,0,[0 1 1 1 1 1 1 1 1 1],['a' 'black' 'man' 'with' 'a' 'moslem' 'name' 'is' 'an' 'abeed'],a black man with a moslem name is an abeed,1,0.70952255
1179084973795663877_twitter,1,[],"['my' 'rising' 'is' 'good' 'news' 'for' 'born' 'again' 'caucasians' 'and'
 'the' 'believing' 'black' 'people' 'it' 'not' 'so' 'good' 'for' 'the'
 'white' 'men' 'burning' 'to' 'the' 'dead' 'goats' 'pigs' 'elephants'
 'those' 'who' 'come' 'back' 'out' 'of' 'the' 'bottomless' 'pit' 'no'
 'one' 'like' 'trump' 'a' 'black' 'man' 'in' 'a' 'white' 'man' 'body']",my rising is good news for born again caucasians and the believing black people it not so good for the white men burning to the dead goats pigs elephants those who come back out of the bottomless pit no one like trump a black man in a white man body,0,0.44230524
15742628_gab,1,[],"['i' 'love' 'those' 'liberaltears' 'the' 'muslim' 'ban' 'and' 'the'
 'recognition' 'of' 'jerusalem' 'as' 'israel' 'capital' 'shows' 'arabs'
 'antisemitism' 'causing' 'more' 'redpillingofthenormies' 'i' 'fucking'
 'love' 'you' 'president' 'trump' 'just' 'do' 'not' 'be' 'a' 'cuck' 'to'
 'liberals' 'donald' '<user>']",i love those liberaltears the muslim ban and the recognition of jerusalem as israel capital shows arabs antisemitism causing more redpillingofthenormies i fucking love you president trump just do not be a cuck to liberals donald <user>,0,0.14145923
7704618_gab,1,[],"['even' 'worse' 'jenner' 'only' 'had' 'to' 'kill' 'one' 'woman' 'to' 'be'
 'labeled' 'a' 'woman' 'driver' 'but' 'an' 'afghani' 'moslem' 'that'
 'shot' '<number>' 'brown' 'gays' 'got' 'mislabeled' 'an' 'nra' 'american'
 'even' 'after' 'telling' '<number>' 'he' 'did' 'it' 'because' 'the' 'us'
 'attacks' 'his' 'homeland' 'pledged' 'to' 'the' 'islamic' 'state']",even worse jenner only had to kill one woman to be labeled a woman driver but an afghani moslem that shot <number> brown gays got mislabeled an nra american even after telling <number> he did it because the us attacks his homeland pledged to the islamic state,0,0.48425815
7905214_gab,1,[],"['sneaky' 'asians' 'affirmative' 'action' 'is' 'was' 'always' 'anti'
 'anglo']",sneaky asians affirmative action is was always anti anglo,0,0.097734325
1179094429308719106_twitter,0,"[0 0 0 0 0 0 0 0 0 0 0 0 0 0 1 1 1 0 0 0 1 1 1 0 0 0 0 0 0 0 0 0 0 0 0 0 0
 0 0 0 0 0]","['democratic' 'dilemma' 'people' 'still' 'are' 'not' 'stupid' 'enough'
 'solution' 'keep' 'stuffing' 'ballot' 'boxes' 'keep' 'importing'
 'illegal' 'aliens' 'keep' 'pressing' 'for' 'impeachment' 'with' 'lies'
 'keep' 'doing' 'the' 'same' 'things' 'over' 'over' 'expecting'
 'different' 'results' 'socialism' 'will' 'work' 'this' 'time' 'i' 'just'
 'know' 'it']",democratic dilemma people still are not stupid enough solution keep stuffing ballot boxes keep importing illegal aliens keep pressing for impeachment with lies keep doing the same things over over expecting different results socialism will work this time i just know it,1,0.7296161
1169450361809248256_twitter,0,[0 0 0 0 0 0 0 1 1 1 1],['y' '‚Äô' 'all' 'are' 'so' 'so' 'sick' 'i' 'hate' 'you' 'niggas'],y ‚Äô all are so so sick i hate you niggas,1,0.8964329
7900962_gab,1,[],"['very' 'short' 'nose' 'for' 'a' 'hispanic' 'whilst' 'arabs' 'also' 'have'
 'long' 'noses' 'moroccans' 'and' 'north' 'africans' 'tend' 'not' 'to'
 'he' 'could' 'be' 'from' 'the' 'middle' 'east' 'but' 'it' 'would' 'be'
 'an' 'outrageous' 'construction' 'for' 'the' 'cops']",very short nose for a hispanic whilst arabs also have long noses moroccans and north africans tend not to he could be from the middle east but it would be an outrageous construction for the cops,0,0.26908544
1160643688306900992_twitter,1,[],"['i' 'd' 'give' 'anything' 'to' 'eviscerate' 'that' 'son' 'of' 'a' 'bitch'
 'sadly' 'the' 'rules' 'will' 'not' 'allow' 'it']",i d give anything to eviscerate that son of a bitch sadly the rules will not allow it,0,0.38977876
14482119_gab,0,"[0 0 0 0 0 0 0 0 0 0 0 0 1 1 1 1 1 1 1 1 1 1 1 1 1 1 1 1 1 1 0 0 0 0 0 0 0
 0 0 0 0 0 0 0 0]","['but' 'boom' 'you' 'are' 'welcome' 'feminists' 'are' 'pro' 'women' 'in'
 'the' 'draft' 'you' 'might' 'want' 'to' 'check' 'with' 'the' 'anti'
 'feminists' 'who' 'want' 'to' 'keep' 'women' 'in' 'the' 'home' 'domain'
 'pretty' 'sure' 'they' 'are' 'more' 'any' 'women' 'in' 'military' 'than'
 'feminists' 'are' 'think' 'about' 'it']",but boom you are welcome feminists are pro women in the draft you might want to check with the anti feminists who want to keep women in the home domain pretty sure they are more any women in military than feminists are think about it,1,0.89688534
1178820120862429185_twitter,0,[0 0 0 0 0 1],['<user>' '<user>' 'what' 'a' 'fucking' 'nigger'],<user> <user> what a fucking nigger,1,0.5122961
14478278_gab,0,"[0 0 0 0 0 0 0 0 0 0 0 0 0 0 0 0 0 0 0 0 0 0 0 0 0 0 0 0 0 0 0 0 0 0 1 0 0
 0 0 0 0 0 0 0 0 0 0 0 0 0]","['in' 'oakland' 'one' 'black' 'dude' 'will' 'sit' 'in' 'the' 'front' 'of'
 'the' 'bus' 'and' 'another' 'will' 'sit' 'in' 'the' 'back' 'they' 'will'
 'then' 'talk' 'to' 'one' 'another' 'over' 'everyone' 'heads' 'laughing'
 'cussing' 'an' 'saying' 'nigger' 'every' 'third' 'word' 'and' 'the'
 'other' 'passengers' 'including' 'the' 'bus' 'driver' 'know' 'not' 'to'
 'interrupt']",in oakland one black dude will sit in the front of the bus and another will sit in the back they will then talk to one another over everyone heads laughing cussing an saying nigger every third word and the other passengers including the bus driver know not to interrupt,1,0.6447565
1178929214399172608_twitter,1,[],"['those' 'girls' 'were' 'just' 'rude' 'we' 'are' 'just' 'saying' 'what'
 'you' 'were' 'thinking' 'bullshit' 'they' 'were' 'just' 'slandering'
 'women' 'who' 'are' 'also' 'doing' 'the' 'same' 'hustle' 'as' 'them'
 'youtube' 'those' 'are' 'really' 'chats' 'that' 'they' 'could' 've'
 'done' 'privately' 'and' 'kiki' 'ed' 'amongst' 'themselves']",those girls were just rude we are just saying what you were thinking bullshit they were just slandering women who are also doing the same hustle as them youtube those are really chats that they could ve done privately and kiki ed amongst themselves,0,0.4658621
17991028_gab,0,[0 0 0 0 0 0 0 1 1 1 1 1 1 1 1 1 1 1 1 1 1 1 1 1 1 0 0 0 1 0 0 0],"['i' 'almost' 'feel' 'bad' 'for' 'her' 'since' 'dindus' 'tend' 'to'
 'target' 'blacks' 'who' 'do' 'not' 'go' 'along' 'with' 'the' 'groupthink'
 'of' 'blaming' 'da' 'white' 'devil' 'and' 'screeching' 'that'
 'wewuzkangz' 'it' 'heartbreaking' 'sometimes']",i almost feel bad for her since dindus tend to target blacks who do not go along with the groupthink of blaming da white devil and screeching that wewuzkangz it heartbreaking sometimes,1,0.57066035
17084379_gab,1,[],"['well' 'if' 'they' 'arent' 'rabid' 'liberal' 'leftists' 'maybe' 'a'
 'strong' 'privately' 'done' 'vetting' 'process' 'needs' 'to' 'be'
 'conducted' 'dont' 'wanna' 'have' 'potential' 'arabs' 'comin' 'out']",well if they arent rabid liberal leftists maybe a strong privately done vetting process needs to be conducted dont wanna have potential arabs comin out,0,0.4240989
1179085312976445440_twitter,0,[0 1 0 0 0 0 0 0 0 0 0 0 0 0 0 0 1 1 1 1],"['this' 'bitch' 'in' 'whataburger' 'eating' 'a' 'burger' 'with' 'no' 'top'
 'bun' 'and' 'holding' 'it' 'palm' 'up' 'i' 'hate' 'white' 'bitches']",this bitch in whataburger eating a burger with no top bun and holding it palm up i hate white bitches,1,0.7427017
1179057153308413954_twitter,0,[0 1 0 0 0 0 0 0 0 0 0 0 0 0 0 0 0 0 0 0 0 0 0 0 0 0 0 0 0 0 0 0],"['<user>' 'chinaman' 'satanist' 'lee' 'hsien' 'loong' 'criminals' 'just'
 'had' 'audible' 'chatter' 'in' '<number>' 'wellington' 'circle'
 'cavinder' 'bull' 'visited' '<number>' 'marsiling' 'lane' 'singapore'
 'some' 'time' 'back' 'showing' 'family' 'photos' 'and' 'giving' 'false'
 'information']",<user> chinaman satanist lee hsien loong criminals just had audible chatter in <number> wellington circle cavinder bull visited <number> marsiling lane singapore some time back showing family photos and giving false information,1,0.8079157
16750798_gab,0,[0 0 0 0 0 1 1 0 0],['color' 'me' 'shocked' 'just' 'another' 'degenerate' 'heeb' 'for' 'ya'],color me shocked just another degenerate heeb for ya,1,0.8102538
24595089_gab,1,[],['jesus' 'is' 'the' 'real' 'nigger'],jesus is the real nigger,0,0.014199681
1178146381082615808_twitter,1,[],['i' 'am' 'the' 'biggest' 'faggot' 'cunt'],i am the biggest faggot cunt,0,0.01798621
1178483586208538624_twitter,1,[],"['bill' 'maher' 'm' 'islam' 'is' 'horrible' 'and' 'mosques' 'should' 'not'
 'exist' 'anywhere' 'fuck' 'freedom' 'of' 'religion' 'white' 'liberals'
 'o' 'lol' 'it' 'ok']",bill maher m islam is horrible and mosques should not exist anywhere fuck freedom of religion white liberals o lol it ok,0,0.15993774
14163229_gab,1,[],"['according' 'to' 'the' 'bbc' 'the' 'eu' 'to' 'prevent' 'crime'
 'terrorist' 'attack' 'carried' 'out' 'by' '3' 'rd' 'world' 'non' 'white'
 'mainly' 'moslem' 'immigrant' 'in' 'europe' 'we' 'need' 'even' 'more' '3'
 'rd' 'world' 'non' 'white' 'mainly' 'moslem' 'immigrant' 'to' 'come' 'to'
 'europe']",according to the bbc the eu to prevent crime terrorist attack carried out by 3 rd world non white mainly moslem immigrant in europe we need even more 3 rd world non white mainly moslem immigrant to come to europe,0,0.20657375
1096788375254687745_twitter,0,[0 1 1 1],['i' 'fucking' 'hate' 'myself'],i fucking hate myself,1,0.9258357
22080708_gab,0,"[0 0 0 0 0 0 0 0 0 0 0 0 0 0 0 1 1 1 1 1 1 1 1 1 1 1 1 1 1 1 1 1 1 1 1 1 1
 1 1 1 1 1 1 1 1 1 1 1 1 1 1]","['i' 'wake' 'up' 'everyday' 'feeling' 'blessed' 'that' 'i' 'am' 'a'
 'citizen' 'of' 'the' 'united' 'states' 'in' 'india' 'there' 'are' 'more'
 'cellphones' 'than' 'there' 'are' 'working' 'toilets' 'god' 'bless' 'the'
 'great' 'men' 'and' 'women' 'who' 'made' 'our' 'country' 'what' 'it' 'is'
 'and' 'who' 'fight' 'to' 'preserve' 'our' 'exceptionalism' 'on' 'the'
 'world' 'stage']",i wake up everyday feeling blessed that i am a citizen of the united states in india there are more cellphones than there are working toilets god bless the great men and women who made our country what it is and who fight to preserve our exceptionalism on the world stage,1,0.9589241
12705077_gab,0,[0 0 0 0 1 1 1 0],['congratulations' 'welcome' 'to' 'the' 'white' 'honky' 'cracker' 'club'],congratulations welcome to the white honky cracker club,1,0.92617035
1105283954792230912_twitter,1,[],"['garrett' 'is' 'still' 'a' 'gun' 'nut' 'who' 'hates' 'gay' 'people'
 'becca' 'is' 'still' 'too' 'good' 'for' 'him' 'the' 'bachelor']",garrett is still a gun nut who hates gay people becca is still too good for him the bachelor,0,0.44720381
25910900_gab,0,[1 1 1 0 0 0 0 1],['queer' 'freak' 'why' 'is' 'it' 'always' 'the' 'queers'],queer freak why is it always the queers,1,0.7192851
21103062_gab,0,[0 0 0 0 0 1 1 1 1 1 1 1 1],"['i' 'd' 'like' 'to' 'introduce' 'these' 'dykes' 'to' 'my' '<number>' 'oz'
 'estwing' 'repeatedly']",i d like to introduce these dykes to my <number> oz estwing repeatedly,1,0.93367314
14843903_gab,0,[1 1 1 1 1 1 1 1 1 1],['cernovich' 'is' 'a' 'rapist' 'no' 'joke' 'he' 'raped' 'a' 'chick'],cernovich is a rapist no joke he raped a chick,1,0.8409133
22206778_gab,1,[],"['cowardly' 'brit' 'pray' 'for' 'death' 'rather' 'than' 'drive' 'moslem'
 'terrorists' 'out' 'of' 'the' 'uk']",cowardly brit pray for death rather than drive moslem terrorists out of the uk,0,0.0028063876
25316744_gab,0,[1 1 1 1 1 1 1 1],['there' 'not' 'asians' 'they' 'are' 'pakis' 'and' 'arabs'],there not asians they are pakis and arabs,1,0.53581196
16524662_gab,1,[],"['good' 'luck' 'collecting' 'mate' 'the' 'arabs' 'do' 'not' 'play' 'the'
 'guilt' 'game' 'the' 'way' 'we' 'whites' 'do']",good luck collecting mate the arabs do not play the guilt game the way we whites do,0,0.39615577
1179043316530331648_twitter,1,[],"['yeah' 'im' 'a' 'faggot' 'and' 'what' 'are' 'you' 'disrespectful' 'id'
 'rather' 'be' 'a' 'faggot' 'than' 'a' 'disrespectful' 'child' 'any' 'day']",yeah im a faggot and what are you disrespectful id rather be a faggot than a disrespectful child any day,0,0.104021356
12711331_gab,0,[0 0 0 0 0 0 0 0 0 1 0 0 0 0 0 0 0 1 1],"['<user>' 'sometimes' 'i' 'think' 'you' 'might' 'actually' 'be' 'a'
 'nigger' 'is' 'it' 'difficult' 'to' 'keep' 'up' 'this' 'ghetto' 'persona']",<user> sometimes i think you might actually be a nigger is it difficult to keep up this ghetto persona,1,0.6421801
15543149_gab,1,[],"['dickpepe' 'will' 'not' 'let' 'the' 'antifa' 'scum' 'get' 'away' 'with'
 'the' 'violence' 'and' 'destruction' 'dick' 'pepe' 'no' '<number>' 'pepe'
 'the' 'bloody' 'bikelock' '<user>']",dickpepe will not let the antifa scum get away with the violence and destruction dick pepe no <number> pepe the bloody bikelock <user>,0,0.3162109
1178852220424445952_twitter,0,[0 0 0 0 0 0 1 1],['<user>' 'a' 'rag' 'makes' 'her' 'a' 'rag' 'head'],<user> a rag makes her a rag head,1,0.6893056
1178827615811067904_twitter,0,[0 0 0 0 0 0 0 0 0 0 0 0 0 1 1 0 0 0 0],"['<user>' 'i' 'do' 'not' 'know' 'but' 'the' 'power' 'of' 'pasco' 'turned'
 'her' 'into' 'trailer' 'trash' 'when' 'she' 'go' 'there']",<user> i do not know but the power of pasco turned her into trailer trash when she go there,1,0.97724086
10912372_gab,1,[],"['<number>' '‚Ä¢' 'reply' '‚Ä¢' 'share' '‚Ä∫' 'avatar' 't100c1970' '‚Ä¢' 'an'
 'hour' 'ago' 'merkel' 'is' 'the' 'best' 'friend' 'the' 'muzzies' 'have'
 'in' 'deutchland' 'but' 'erdogan' 'is' 'just' 'doing' 'what' 'obama'
 'did' 'in' 'isreal' 'to' 'try' 'to' 'get' 'rid' 'of' 'bibi' 'and' 'in'
 'britain' 'to' 'try' 'to' 'defeat' 'brexit']",<number> ‚Ä¢ reply ‚Ä¢ share ‚Ä∫ avatar t100c1970 ‚Ä¢ an hour ago merkel is the best friend the muzzies have in deutchland but erdogan is just doing what obama did in isreal to try to get rid of bibi and in britain to try to defeat brexit,0,0.2224467
8699632_gab,0,"[0 0 0 0 0 0 0 0 0 0 0 0 0 0 0 1 1 1 1 1 1 1 1 1 1 1 1 1 1 1 1 1 1 1 1 1 1
 1 1 1 1 1 1 1 1 1 1 1 1]","['it' 'not' 'over' 'exaggerated' 'they' 'are' 'not' 'rumours' 'it' 'not'
 'an' 'average' 'amount' 'of' 'crime' 'in' 'the' 'time' 'it' 'took' 'you'
 'to' 'read' 'this' 'post' 'a' 'crime' 'has' 'been' 'committed' 'by' 'a'
 'refugee' 'in' 'europe' 'refugees' 'are' 'supposed' 'to' 'be' 'fleeing'
 'persecution' 'not' 'enforcing' 'it' 'in' 'a' 'different' 'country']",it not over exaggerated they are not rumours it not an average amount of crime in the time it took you to read this post a crime has been committed by a refugee in europe refugees are supposed to be fleeing persecution not enforcing it in a different country,1,0.9334308
1934765_gab,0,[0 1 1 1 1 1 1 1 1 1 1 1 1 1 1 1 1 1 1 1 1 1 1],"['<user>' 'maybe' 'he' 'was' 'referring' 'to' 'young' 'immigrants' 'that'
 'he' 'and' 'his' 'peso' 'friends' 'can' 'molest' 'after' 'all' 'muslims'
 'accept' 'sex' 'with' 'children']",<user> maybe he was referring to young immigrants that he and his peso friends can molest after all muslims accept sex with children,1,0.6954932
1122558074168983552_twitter,0,[0 0 1 1 1],['<user>' '<user>' 'fucking' 'kill' 'yourself'],<user> <user> fucking kill yourself,1,0.96777767
1073224_gab,0,[0 0 1 1 1 1 1 0 0 1 1 1 1 1 0 0 1 0 0 0 0 1 0 0 0],"['<user>' 'sense' 'pretending' 'to' 'be' 'a' 'muslim' 'is' 'like'
 'pretending' 'to' 'have' 'down' 'syndrome' 'why' 'the' 'fuck' 'would'
 'you' 'do' 'it' 'fuckislam' 'savecanada' 'mcga' 'maga']",<user> sense pretending to be a muslim is like pretending to have down syndrome why the fuck would you do it fuckislam savecanada mcga maga,1,0.5202526
9408045_gab,1,[],"['when' 'do' 'moslem' 'men' 'relent' 'on' 'forcing' 'women' 'to' 'walk'
 'behind' 'them' 'in' 'mine' 'fields']",when do moslem men relent on forcing women to walk behind them in mine fields,0,0.21428008
4563992_gab,0,[0 0 0 1 1 1 0 0 0 0 0 0 0 0 1 1 1 1 1 1 1 1 1 1 1 0],"['anyone' 'see' 'them' 'collecting' 'illegal' 'immigrants' 'on' 'livepd'
 'last' 'night' 'my' 'kid' 'is' 'like' 'i' 'feel' 'sorry' 'for' 'their'
 'kids' 'but' 'their' 'parents' 'are' 'stupid' 'maga']",anyone see them collecting illegal immigrants on livepd last night my kid is like i feel sorry for their kids but their parents are stupid maga,1,0.87987113
14701455_gab,0,"[0 0 0 0 1 1 1 1 0 0 0 0 0 0 0 0 0 0 1 1 1 1 1 1 1 1 1 0 0 0 0 0 0 0 0 0 0
 0 0 0 0 0 0 0 0 0 0 0]","['when' 'i' 'watched' 'clinton' 'play' 'the' 'woman' 'card' 'during' 'the'
 'election' 'it' 'seemed' 'pretty' 'clear' 'to' 'me' 'that' 'this' 'is'
 'why' 'women' 'can' 'not' 'be' 'in' 'politics' 'the' 'fact' 'that'
 'everybody' 'did' 'not' 'immediately' 'conclude' 'that' 'is' 'a'
 'mystery' 'i' 'do' 'not' 'even' 'see' 'how' 'people' 'rationalize' 'it']",when i watched clinton play the woman card during the election it seemed pretty clear to me that this is why women can not be in politics the fact that everybody did not immediately conclude that is a mystery i do not even see how people rationalize it,1,0.95911604
11800347_gab,1,[],"['by' 'running' 'away' 'and' 'proclaiming' 'victory' 'in' 'his' 'echo'
 'chamber' 'his' 'dumbfuck' 'followers' 'will' 'likely' 'consider' 'it'
 'a' 'masterful' 'philosophical' 'lol' 'rebuke' 'of' 'the' 'evil' 'nahzi'
 'white' 'supremists']",by running away and proclaiming victory in his echo chamber his dumbfuck followers will likely consider it a masterful philosophical lol rebuke of the evil nahzi white supremists,0,0.21182413
1179049673635577862_twitter,0,[0 0 0 0 0 0 1 1 1 1],"['<user>' 'honestly' 'as' 'a' 'comms' 'person' 'kill' 'all' 'comms'
 'people']",<user> honestly as a comms person kill all comms people,1,0.9540518
6291653_gab,0,"[0 1 1 1 1 1 1 1 1 1 1 1 0 0 0 0 0 0 0 0 0 0 0 0 0 0 0 0 0 0 0 0 0 0 1 1 1
 1 0 0 0]","['ah' 'eurovision' 'is' 'it' 'still' 'girls' 'kissing' 'each' 'other'
 'men' 'in' 'dresses' 'it' 'all' 'got' 'so' 'boringly' 'predictable' 'in'
 'a' 'lefty' 'sort' 'of' 'way' 'if' 'they' 'want' 'to' 'be' 'really'
 'outrageous' 'condemn' 'isis' 'or' 'feminism' 'or' 'gay' 'marriage' 'use'
 'some' 'imagination']",ah eurovision is it still girls kissing each other men in dresses it all got so boringly predictable in a lefty sort of way if they want to be really outrageous condemn isis or feminism or gay marriage use some imagination,1,0.9216402
16541106_gab,0,[1 1 1 1],['tranny' 'bathrooms' 'moslem' 'edition'],tranny bathrooms moslem edition,1,0.7891525
1231790954002178048_twitter,0,[1 1 1 1 1 1 1 1 1 1 1 0],"['fuck' 'allah' 'that' 'wanna' 'beef' 'shit' 'nigga' 'lets' 'make' 'a'
 'mill' 'üí∞']",fuck allah that wanna beef shit nigga lets make a mill üí∞,1,0.5303353
22152065_gab,0,[0 0 0 0 0 0 0 0 0 0 0 0 1 1 1 1 1],"['based' 'on' 'that' 'comment' 'i' 'd' 'say' 'it' 'a' 'trap' 'with' 'a'
 'belly' 'full' 'of' 'schwartze' 'semen']",based on that comment i d say it a trap with a belly full of schwartze semen,1,0.88700897
27106705_gab,1,[],['i' 'am' 'the' 'reaction' 'to' 'the' 'shitskin' 'invasion'],i am the reaction to the shitskin invasion,0,0.018707227
1178889448194490368_twitter,1,[],"['i' 'hope' 'you' 'all' 'are' 'aware' 'that' 'i' 'will' 'definitely'
 'keep' 'watching' 'queer' 'eye' 'for' 'the' 'serotonin' 'and' 'faggotry'
 'right']",i hope you all are aware that i will definitely keep watching queer eye for the serotonin and faggotry right,0,0.40958974
1121949459716292608_twitter,1,[],['of' 'couse' 'the' 'jewish' 'qb' 'gets' 'traded' 'to' 'miami'],of couse the jewish qb gets traded to miami,0,0.23344412
1178272667167797248_twitter,0,[0 0 0 0 0 0 0 0 0 0 0 0 0 0 0 0 0 0 0 0 0 0 0 0 0 0 0 0 0 0 1 0],"['<user>' '<user>' '<user>' '<user>' 'alan' 'do' 'you' 'white' 'knight'
 'like' 'this' 'all' 'the' 'time' 'because' 'it' 'will' 'not' 'get' 'you'
 'laid' 'just' 'force' 'yourself' 'onto' 'her' 'like' 'all' 'you' 'male'
 'feminazis' 'do']",<user> <user> <user> <user> alan do you white knight like this all the time because it will not get you laid just force yourself onto her like all you male feminazis do,1,0.97414124
11893601_gab,0,"[0 0 0 0 0 0 0 0 1 0 0 0 0 0 0 0 0 0 0 0 0 0 0 0 0 1 0 0 0 0 0 0 0 0 0 0 0
 0 0 0 0 0 1 1 0 0 0]","['<user>' 'i' 'have' 'seen' 'many' 'claimants' 'to' 'his' 'syncophancy'
 'but' 'no' 'real' 'evidence' 'that' 'they' 'are' 'actual' 'human'
 'beings' 'that' 'goes' 'treble' 'for' 'his' 'admittedly' 'queer'
 'followers' 'if' 'only' 'there' 'were' 'one' 'twentieth' 'of' 'this'
 'vehemence' 'directed' 'at' 'milo' 'and' 'at' 'his' 'fag' 'enabling'
 'followers' 'if' 'only']",<user> i have seen many claimants to his syncophancy but no real evidence that they are actual human beings that goes treble for his admittedly queer followers if only there were one twentieth of this vehemence directed at milo and at his fag enabling followers if only,1,0.9816304
7977410_gab,0,"[0 0 0 0 0 0 0 0 0 0 0 0 0 0 0 0 0 0 0 0 1 1 1 1 1 1 1 1 1 0 0 0 0 0 1 1 1
 1 1 1 1]","['mlk' 'really' 'was' 'a' 'fraud' 'who' 'plagiarized' 'his' 'phd'
 'constantly' 'cheated' 'on' 'his' 'wife' 'while' 'lecturing' 'america'
 'on' 'morals' 'and' 'routinely' 'banged' 'high' 'school' 'girls' 'as' 'a'
 'married' 'reverend' 'in' 'his' '3' '0' 'also' 'malcom' 'x' 'really'
 'was' 'a' 'gay' 'prostitute']",mlk really was a fraud who plagiarized his phd constantly cheated on his wife while lecturing america on morals and routinely banged high school girls as a married reverend in his 3 0 also malcom x really was a gay prostitute,1,0.9059898
1178355316729303042_twitter,0,[0 0 1 0 0 0 0 0 0 1 1 1 0 0 0 0 0 0 0 0 0 0 0 0 0],"['my' 'dads' 'bitch' 'thinks' 'she' 'scares' 'us' 'because' 'she' 'white'
 'trailer' 'trash' 'ha' 'she' 'forgets' 'we' 'grew' 'up' 'in' 'the'
 'south' 'side' 'of' 'laredo' 'üòÇ']",my dads bitch thinks she scares us because she white trailer trash ha she forgets we grew up in the south side of laredo üòÇ,1,0.9444336
1080341574754754561_twitter,0,[0 1 1 1 1 1 0 0 0 0 0 0 0 0],"['<user>' 'uk' 'is' 'an' 'islamic' 'state' 'are' 'brits' 'going' 'to'
 'take' 'their' 'country' 'back']",<user> uk is an islamic state are brits going to take their country back,1,0.9656736
26500434_gab,0,"[1 1 1 1 1 1 1 1 1 0 0 0 0 0 0 0 0 0 0 0 0 0 0 1 1 1 1 1 1 1 1 1 1 1 1 1 1
 1 1 1 1 1 1 1 1 1 1 1 1 1 1 1]","['traddad' 'realizing' 'that' 'white' 'women' 'are' 'corrupted' 'is'
 'important' 'knowing' 'they' 'are' 'the' 'only' 'route' 'to' 'a' 'white'
 'population' 'is' 'the' 'next' 'step' 'figuring' 'out' 'how' 'to' 'un'
 'whore' 'them' 'and' 'rebuild' 'patriarchy' 'is' 'the' 'result' 'of'
 'these' 'realizations' 'if' 'you' 'are' 'not' 'considering' 'this' 'you'
 'are' 'too' 'nihilist' 'for' 'our' 'movement']",traddad realizing that white women are corrupted is important knowing they are the only route to a white population is the next step figuring out how to un whore them and rebuild patriarchy is the result of these realizations if you are not considering this you are too nihilist for our movement,1,0.5920476
16366006_gab,1,[],"['<number>' 'minutes' 'playing' 'the' 'moslem' 'appeasement' 'ticket'
 'wankers']",<number> minutes playing the moslem appeasement ticket wankers,0,0.21816924
22320605_gab,1,[],"['guise' 'i' 'just' 'want' 'to' 'remind' 'all' 'you' 'haters' 'that'
 'before' 'ebul' 'lbj' 'tricked' 'all' 'de' 'black' 'peepul' 'onto' 'his'
 'democrat' 'ghetto' 'plantations' 'every' 'single' 'heart' 'doctor' 'hn'
 'america' 'was' 'a' 'kindly' 'black' 'man' 'who' 'wore' 'sweaters' 'and'
 'dats' 'a' 'fact']",guise i just want to remind all you haters that before ebul lbj tricked all de black peepul onto his democrat ghetto plantations every single heart doctor hn america was a kindly black man who wore sweaters and dats a fact,0,0.47788158
1179043729472028672_twitter,0,[0 0 0 0 0 0 0 1 1 0 0 0 0 0 0 0 0 0 0 0 0 0 0],"['<user>' 'singapore' 'hdb' 'should' 'be' 'questioned' 'if' 'chinaman'
 'satanist' 'lee' 'hsien' 'loong' 'enquired' 'about' 'the' 'purchase' 'in'
 '<number>' 'marsiling' 'lane' 'singapore' 'in' '<number>']",<user> singapore hdb should be questioned if chinaman satanist lee hsien loong enquired about the purchase in <number> marsiling lane singapore in <number>,1,0.6631783
23299541_gab,0,"[0 0 0 1 1 1 1 1 1 1 0 0 0 0 1 1 1 1 1 1 1 0 0 0 0 0 0 0 0 0 0 0 0 0 0 0 0
 0 0 1 0 0 0 0 0 0 0 0 0 0 0 0 0 0]","['this' 'is' 'why' 'women' 'having' 'careers' 'is' 'not' 'our' 'people'
 'this' 'is' 'why' 'any' 'non' 'white' 'immigration' 'is' 'not' 'our'
 'people' 'this' 'is' 'why' 'doing' 'drugs' 'is' 'not' 'our' 'people'
 'this' 'is' 'why' 'going' 'down' 'to' 'home' 'depot' 'for' 'illegal'
 'labor' 'is' 'not' 'our' 'people' 'you' 'cannot' 'violate' 'this'
 'principle' 'and' 'be' 'our' 'people']",this is why women having careers is not our people this is why any non white immigration is not our people this is why doing drugs is not our people this is why going down to home depot for illegal labor is not our people you cannot violate this principle and be our people,1,0.8767399
7920838_gab,1,[],"['biggest' 'safe' 'space' 'online' 'they' 'banned' 'me' 'for' 'being'
 'too' 'pro' 'trump' 'and' 'questioning' 'beta' 'faggots' 'who' 'had'
 'not' 'sworn' 'allegiance' 'to' 'the' 'god' 'emperor' 'apparently' 'i'
 'was' 'concern' 'trolling' 'please' 'mods' 'are' 'pussies' 'who' 'are'
 'not' 'willing' 'to' 'do' 'what' 'it' 'takes' 'to' 'take' 'their'
 'community' 'to' 'the' 'next' 'level']",biggest safe space online they banned me for being too pro trump and questioning beta faggots who had not sworn allegiance to the god emperor apparently i was concern trolling please mods are pussies who are not willing to do what it takes to take their community to the next level,0,0.31938666
3218308_gab,0,[0 0 0 0 1 0 0 0 0 0 0 0 0 0],"['¬∑' '<user>' 'downvote' 'me' 'faggot' 'or' 'i' 'will' 'put' 'mmbop'
 'live' 'nobody' 'wants' 'that']",¬∑ <user> downvote me faggot or i will put mmbop live nobody wants that,1,0.81420064
1219158331106963456_twitter,0,[0 0 1 1 1 1 1 1 1 1],"['<user>' '<user>' 'ching' 'chong' 'nobody' 'gives' 'a' 'fuck' 'you'
 'atheist']",<user> <user> ching chong nobody gives a fuck you atheist,1,0.84928495
8530748_gab,0,"[0 0 0 0 0 1 1 1 1 1 1 1 1 1 1 1 1 1 1 1 1 1 1 1 1 1 1 1 1 1 1 1 1 1 1 1 1
 1 0 1 1 1 1 1 1 1 1 1 1 1 1 1]","['janet' 'o' 'hara2' 'hours' 'ago' 'ghetto' 'college' 'send' 'your' 'kids'
 'there' 'and' 'they' 'can' 'learn' 'to' 'speak' 'ghetto' 'too' 'get'
 'your' 'degree' 'in' 'ebonics' 'you' 'will' 'be' 'so' 'desirable' 'to'
 'employers' 'you' 'will' 'be' 'sought' 'after' 'in' 'hiring' 'lmao'
 'president' 'is' 'a' 'wimp' 'and' 'lets' 'the' 'insane' 'asylum' 'run'
 'the' 'school' '\ufeff']",janet o hara2 hours ago ghetto college send your kids there and they can learn to speak ghetto too get your degree in ebonics you will be so desirable to employers you will be sought after in hiring lmao president is a wimp and lets the insane asylum run the school Ôªø,1,0.82768893
1178865465264881664_twitter,1,[],['the' 'bengals' 'just' 'got' 'raped' 'by' 'a' 'reindeer'],the bengals just got raped by a reindeer,0,0.2669302
1121090278172045312_twitter,1,[],['are' 'not' 'we' 'muslims' 'stopshiitevictimization'],are not we muslims stopshiitevictimization,0,0.14627008
23363867_gab,1,[],"['nasty' 'women' 'who' 'hate' 'to' 'see' 'a' 'pretty' 'lady' 'on' 'the'
 'tv' 'or' 'in' 'the' 'papers' 'this' 'does' 'not' 'offend' 'me' 'one'
 'bit' 'very' 'insecure' 'people' 'in' 'this' 'world' 'sadly']",nasty women who hate to see a pretty lady on the tv or in the papers this does not offend me one bit very insecure people in this world sadly,0,0.46276134
12770258_gab,1,[],"['when' 'queers' 'persecute' 'u' 'and' 'ir' 'children' 'u' 'might'
 'return' 'to' 'god' 'law' 'aka' 'theonomy']",when queers persecute u and ir children u might return to god law aka theonomy,0,0.24391249
1178404971747913728_twitter,0,[0 0 0 0 0 0 0 0 0 0 1 1 1],"['ion' 'be' 'saying' 'nun' 'when' 'you' 'all' 'play' 'you' 'all' 'nigger'
 'music' 'üò≠']",ion be saying nun when you all play you all nigger music üò≠,1,0.80271024
12386020_gab,1,[],"['i' 'checked' 'that' 'one' 'already' 'as' 'someone' 'else' 'said' 'it'
 'one' 'of' 'the' 'two' 'according' 'to' 'wikipedia' 'founders' 'were'
 'jewish' 'but' 'yeah' 'be' 'peaceful' 'it' 'was' 'an' 'intentionally'
 'provocative' 'question' 'primarily' 'to' 'the' 'wns' 'who' 'call' 'me'
 'a' 'kike' 'and' 'does' 'not' 'actually' 'matter' 'i' 'do' 'love'
 'puppies' '<number>']",i checked that one already as someone else said it one of the two according to wikipedia founders were jewish but yeah be peaceful it was an intentionally provocative question primarily to the wns who call me a kike and does not actually matter i do love puppies <number>,0,0.20410384
23252924_gab,1,[],"['my' 'uncle' 'found' 'a' 'coon' 'hound' 'and' 'brought' 'it' 'home'
 'briefly' 'today' 'until' 'it' 'bit' 'my' 'mother' 'apparently' 'being'
 'bit' 'by' 'a' 'dog' 'hurts' 'and' 'she' 'did' 'not' 'want' 'something'
 'around' 'that' 'might' 'endanger' 'her' 'little' 'dog']",my uncle found a coon hound and brought it home briefly today until it bit my mother apparently being bit by a dog hurts and she did not want something around that might endanger her little dog,0,0.1304515
1257359674459987969_twitter,0,[0 1 1 1 1 1 1 0 0 0 0 0 0 0 0 0 0 0 0 0 0 0],"['<user>' 'disagree' 'with' 'me' 'you' 'should' 'die' 'sounds' 'a' 'like'
 'you' 'agree' 'with' 'some' 'of' 'those' 'nazi' 'policies' 'you' 'like'
 'so' 'much']",<user> disagree with me you should die sounds a like you agree with some of those nazi policies you like so much,1,0.95683634
8172349_gab,0,[1 1 1 1 1 0 0 0 0 0 0 0 0],"['downvoting' 'is' 'for' 'faggots' 'fam' 'everyone' 'knows' 'that' 'much'
 'love' 'tho' '‚ô•' 'üéà']",downvoting is for faggots fam everyone knows that much love tho ‚ô• üéà,1,0.6627692
25873026_gab,1,[],"['it' 'seems' 'to' 'me' 'that' 'the' 'ideal' 'queen' 'for' 'great'
 'britain' 'in' 'this' 'idyllic' 'pc' 'era' 'would' 'be' 'an' 'obese'
 'hiv' 'positive' 'lesbian' 'negress']",it seems to me that the ideal queen for great britain in this idyllic pc era would be an obese hiv positive lesbian negress,0,0.006363574
15353202_gab,1,[],"['president' 'trump' 'i' 'applaud' 'you' 'for' 'highlighting' 'the'
 'moslem' 'issue' 'ban' 'islam' 'speak' 'freely']",president trump i applaud you for highlighting the moslem issue ban islam speak freely,0,0.27855107
1171661642561728513_twitter,1,[],"['twomad' 'was' 'having' 'too' 'much' 'fun' 'in' 'overwatch' 'he' 'said'
 'live' 'on' 'stream' 'hola' 'my' 'niggers']",twomad was having too much fun in overwatch he said live on stream hola my niggers,0,0.2560871
1178819413287546884_twitter,1,[],['im' 'only' 'playing' 'tabletops' 'with' 'niggers' 'from' 'now' 'on'],im only playing tabletops with niggers from now on,0,0.1799625
1963795_gab,0,"[0 1 1 1 1 1 1 1 1 1 1 1 1 1 1 1 1 1 1 1 1 1 1 1 1 1 1 1 1 1 1 1 1 1 1 1 1
 1 1 1 1 1 1 1 1 1 1 1 1 1]","['<user>' 'she' 'should' 'go' 'meet' 'muslims' 'where' 'sharia' 'law' 'is'
 'the' 'rule' 'and' 'hang' 'out' 'there' 'and' 'then' 'come' 'back' 'and'
 'tell' 'us' 'how' 'she' 'was' 'treated' 'wearing' 'something' 'as'
 'simple' 'as' 'she' 'wearing' 'in' 'that' 'pic' 'she' 'd' 'be' 'gang'
 'raped' 'and' 'beaten' 'then' 'charged' 'with' 'being' 'a' 'slut']",<user> she should go meet muslims where sharia law is the rule and hang out there and then come back and tell us how she was treated wearing something as simple as she wearing in that pic she d be gang raped and beaten then charged with being a slut,1,0.84959716
10413780_gab,1,[],"['the' 'muslimes' 'and' 'africans' 'want' 'to' 'take' 'over' 'all'
 'things' 'that' 'whites' 'have' 'created' 'they' 'are' 'especially'
 'obsessed' 'pussy' 'whipped' 'by' 'our' 'women' 'this' 'is' 'very'
 'dangerous' 'as' 'our' 'women' 'are' 'our' 'future' 'white' 'women'
 'need' 'to' 'understand' 'that' 'their' 'bodies' 'are' 'the' 'frontline'
 'and' 'that' 'this' 'is' 'a' 'war']",the muslimes and africans want to take over all things that whites have created they are especially obsessed pussy whipped by our women this is very dangerous as our women are our future white women need to understand that their bodies are the frontline and that this is a war,0,0.013454153
12128052_gab,0,[0 0 0 0 0 0 0 1 1 1 1 1 0 0 0 0 0 0 0 0 0 0 0 0 0],"['am' 'i' 'a' 'bad' 'person' 'for' 'reading' 'cut' 'refugees' 'in'
 '<number>' '<number>' 'and' 'i' 'wondered' 'whether' 'they' 'were'
 'going' 'to' 'do' 'it' 'vertically' 'or' 'horizontally']",am i a bad person for reading cut refugees in <number> <number> and i wondered whether they were going to do it vertically or horizontally,1,0.9492946
24926210_gab,1,[],"['you' 'are' 'very' 'well' 'informed' 'not' 'many' 'know' 'that' 'japan'
 'took' 'in' '<number>' 'moslem' 'refugees' 'only' 'to' 'see' '<number>'
 'involved' 'in' 'a' 'gang' 'rape' 'in' 'less' 'than' '<number>' 'months']",you are very well informed not many know that japan took in <number> moslem refugees only to see <number> involved in a gang rape in less than <number> months,0,0.338405
21681110_gab,1,[],"['when' 'a' 'white' 'guy' 'decides' 'to' 'hide' 'behind' 'pretending' 'to'
 'be' 'a' 'nigger' 'in' 'order' 'to' 'insult' 'other' 'whites' 'on' 'gab'
 'which' 'truly' 'is' 'a' 'free' 'speech' 'platform' 'unlike' 'twitter'
 'then' 'you' 'have' 'to' 'wonder' 'at' 'the' 'satire' 'being' 'presented']",when a white guy decides to hide behind pretending to be a nigger in order to insult other whites on gab which truly is a free speech platform unlike twitter then you have to wonder at the satire being presented,0,0.367015
24193157_gab,1,[],"['how' 'much' 'longer' 'will' 'the' 'west' 'continue' 'to' 'put' 'up'
 'with' 'all' 'of' 'this' 'shit' 'from' 'retarded' 'third' 'worlders'
 'and' 'liberal' 'cucks' 'before' 'we' 'revert' 'to' 'a' 'frontier'
 'mentality' 'and' 'just' 'start' 'the' 'real' 'violence']",how much longer will the west continue to put up with all of this shit from retarded third worlders and liberal cucks before we revert to a frontier mentality and just start the real violence,0,0.044597577
12197721_gab,0,"[1 1 1 1 1 1 1 1 1 1 1 1 1 1 1 1 1 1 1 1 1 1 1 1 1 0 0 0 0 0 0 0 0 0 0 0 0
 0 0 0 0 0 0]","['notice' 'how' 'unattractive' 'and' 'thick' 'most' 'women' 'are' 'in'
 'politics' 'it' 'a' 'man' 'job' 'it' 'dirty' 'it' 'requires' 'loose'
 'morals' 'and' 'it' 'corrupt' 'as' 'hell' 'a' 'woman' 'by' 'definition'
 'is' 'alien' 'to' 'such' 'an' 'environment' 'so' 'the' 'worst' 'of'
 'them' 'go' 'into' 'it']",notice how unattractive and thick most women are in politics it a man job it dirty it requires loose morals and it corrupt as hell a woman by definition is alien to such an environment so the worst of them go into it,1,0.7145782
3235496_gab,0,[0 0 0 0 0 1 1 1],['<user>' 'send' 'her' '<number>' 'a' 'moslem' 'refugee' 'camp'],<user> send her <number> a moslem refugee camp,1,0.61277324
1179093309878194178_twitter,1,[],"['your' 'thedirtiest' 'americans' 'people' 'in' 'this' 'country' 'the'
 'most' 'corrupted' 'white' 'men' 'women' 'toolscorrupted' 'thieves'
 'mark' 'zuckerberg' 'facebook' 'republican' 'leaders' 'media' 'trump'
 'alive' 'who' 'cares' 'what' 'you' 'frauds' 'con' 'and' 'liars' 'think'
 'or' 'say' 'itsall' 'white' 'lies' 'abuse' 'delusion' 'un' 'ap' 'aclu']",your thedirtiest americans people in this country the most corrupted white men women toolscorrupted thieves mark zuckerberg facebook republican leaders media trump alive who cares what you frauds con and liars think or say itsall white lies abuse delusion un ap aclu,0,0.32901433
14839521_gab,0,[0 0 1 1 1 1 1 1 1 1 1 1 1 1 1 1 0 0 0 0 0],"['i' 'am' 'exhausted' 'by' 'queers' 'and' 'coloreds' 'saying' 'shit'
 'like' 'yes' 'queen' 'and' 'i' 'am' 'ded' 'wtf' 'do' 'these' 'things'
 'mean']",i am exhausted by queers and coloreds saying shit like yes queen and i am ded wtf do these things mean,1,0.53045315
1178751837026938880_twitter,1,[],['i' 'meant' 'whigger' 'not' 'whither' 'lol'],i meant whigger not whither lol,0,0.43503034
1092728972679426048_twitter,1,[],['ines' 'is' 'one' 'evil' 'bitch' 'mafsau'],ines is one evil bitch mafsau,0,0.18410648
23215991_gab,1,[],"['so' 'let' 'me' 'see' 'if' 'iget' 'this' 'str8' 'wn1' '<number>' 'was'
 'an' 'eloaborate' 'ruse' 'conducted' 'by' 'jews' 'in' 'the' 'mid' 'late'
 '<number>' 'that' 'brought' 'wlp' 'na' 'crashing' 'down' 'is' 'that'
 'youre' 'saying']",so let me see if iget this str8 wn1 <number> was an eloaborate ruse conducted by jews in the mid late <number> that brought wlp na crashing down is that youre saying,0,0.3208745
1179045436482637831_twitter,0,[0 0 0 0 0 0 0 0 0 0 0 1 1 1 0 0],"['<user>' 'raped' 'the' 'lil' 'boy' 'and' 'he' 'got' 'sick' 'gave' 'the'
 'lil' 'niggas' 'aids' 'smh' 'üò≠']",<user> raped the lil boy and he got sick gave the lil niggas aids smh üò≠,1,0.9675638
5817512_gab,0,"[1 1 1 1 1 1 1 1 1 1 1 1 1 1 1 1 1 1 1 1 1 1 1 1 1 1 1 1 1 1 1 1 1 1 1 1 1
 1 1 1 1 1 1 1]","['so' 'here' 'something' 'i' 'have' 'had' 'a' 'hunch' 'about' 'so' 'i'
 'have' 'yet' 'to' 'really' 'look' 'into' 'in' 'their' 'plan' 'after'
 'white' 'have' 'been' 'all' 'but' 'extinct' 'seeing' 'as' 'they' 'd' 'be'
 'the' 'last' 'civilized' 'group' 'left' 'they' 'd' 'go' 'after' 'the'
 'asians' 'next']",so here something i have had a hunch about so i have yet to really look into in their plan after white have been all but extinct seeing as they d be the last civilized group left they d go after the asians next,1,0.648188
22949513_gab,0,"[0 0 1 0 0 0 1 0 0 0 0 0 0 0 0 0 0 0 0 0 0 0 0 0 0 0 0 0 0 0 0 0 0 0 1 0 0
 0 0 0 0 0 0 0 0 0 0 0 0 0]","['trump' 'is' 'outraged' 'over' 'mexico' 'allowing' 'immigrants' 'into'
 'our' 'country' 'har' 'har' 'har' 'cause' 'it' 'their' 'job' 'to'
 'protect' 'our' 'border' 'hey' 'neighbor' 'i' 'am' 'mad' 'you' 'did'
 'not' 'protect' 'my' 'house' 'from' 'these' 'criminals' 'i' 'doubt'
 'trump' 'will' 'do' 'anything' 'about' 'this' 'only' 'brave' 'white'
 'men' 'in' 'texas' 'will']",trump is outraged over mexico allowing immigrants into our country har har har cause it their job to protect our border hey neighbor i am mad you did not protect my house from these criminals i doubt trump will do anything about this only brave white men in texas will,1,0.65190905
1178629835477921792_twitter,1,[],"['<user>' 'yo' 'too' 'beautiful' 'üòç' 'üòç' 'likely' 'to' 'bounce' 'all'
 'niggers' 'on' 'these' 'twitter' 'streets' 'üòú' 'üòù']",<user> yo too beautiful üòç üòç likely to bounce all niggers on these twitter streets üòú üòù,0,0.48114908
1179100565718097920_twitter,1,[],['i' 'hate' 'you' 'cowards'],i hate you cowards,0,0.25823247
1178384487798972416_twitter,1,[],"['<user>' 'nigger' 'is' 'still' 'jesus' 'christ' 'for' 'all' 'this'
 'niggers']",<user> nigger is still jesus christ for all this niggers,0,0.20331179
20050318_gab,1,[],['flying' 'none' 'makes' 'me' 'puke' 'damned' 'to' 'hell' 'queers'],flying none makes me puke damned to hell queers,0,0.49990463
12661982_gab,1,[],"['first' 'we' 'sat' 'by' 'watching' 'photos' 'of' 'yazidi' 'women' 'and'
 'little' 'girls' 'being' 'sold' 'as' 'slaves' 'refusing' 'those' 'who'
 'escaped' 'refugee' 'status' 'in' 'europe' 'and' 'usa' 'now' 'us' 'can'
 'send' 'money' 'for' 'moslem' 'refugees' 'who' 'caused' 'their' 'problem'
 'but' 'not' 'for' 'christians' 'who' 'really' 'are' 'the' 'victims']",first we sat by watching photos of yazidi women and little girls being sold as slaves refusing those who escaped refugee status in europe and usa now us can send money for moslem refugees who caused their problem but not for christians who really are the victims,0,0.413714
9329272_gab,1,[],"['russell' 'also' 'writes' 'about' 'how' 'jewish' 'and' 'italian'
 'mobsters' 'founded' 'las' 'vegas' 'jewish' 'copyright' 'thieves'
 'founded' 'hollywood' 'and' 'gay' 'mafiosos' 'helped' 'spark' 'the' 'gay'
 'rights' 'movement' 'he' 'thinks' 'all' 'of' 'these' 'things' 'were'
 'good' 'for' 'society' 'of' 'course']",russell also writes about how jewish and italian mobsters founded las vegas jewish copyright thieves founded hollywood and gay mafiosos helped spark the gay rights movement he thinks all of these things were good for society of course,0,0.11431907
1179052152859369472_twitter,0,[1 1 1 1],['why' 'do' 'dykes' 'exist'],why do dykes exist,1,0.83999664
1256082039142563840_twitter,0,[0 0 1 1 1 1 1 1 1 0 0 0 0 0 0 1 1 1 1 1 1 1 1],"['<user>' 'guys' 'i' 'think' 'stephen' 'miller' 'is' 'a' 'nazi' 'just'
 'like' 'other' 'stephen' 'miller' 'is' 'fuck' 'off' 'you' 'white'
 'supremacist' 'piece' 'of' 'shit']",<user> guys i think stephen miller is a nazi just like other stephen miller is fuck off you white supremacist piece of shit,1,0.8536079
25330302_gab,1,[],"['all' 'it' 'does' 'is' 'boomerpost' 'while' 'pretending' 'to' 'be' 'a'
 'slav' 'and' 'screeches' 'anytime' 'anyone' 'says' 'anything' 'about'
 'jews' 'like' 'anyone' 'other' 'than' 'a' 'boomer' 'would' 'be'
 'retarded' 'enough' 'to' 'believe' 'slavs' 'do' 'not' 'know' 'their'
 'own' '2' '0' 'th' 'century' 'history' 'at' 'the' 'hands' 'of' 'the'
 'chosenites']",all it does is boomerpost while pretending to be a slav and screeches anytime anyone says anything about jews like anyone other than a boomer would be retarded enough to believe slavs do not know their own 2 0 th century history at the hands of the chosenites,0,0.15278916
10224803_gab,0,"[0 1 0 0 1 1 0 0 0 0 0 0 0 0 0 0 0 0 0 0 0 0 0 0 0 0 0 0 0 0 1 0 0 0 0 0 0
 0 0 0 0 0 0 0 1]","['mcpain' 'traitor' 'in' '<number>' 'mussie' 'loving' 'mcpain' 'traveled'
 'to' 'syria' 'to' 'meet' 'with' 'moderate' 'rebels' 'rebels' 'sent' 'by'
 'ohell' 'ohellary' 'from' 'libya' 'rem' 'benghazi' 'to' 'attack' 'syria'
 'president' 'assad' 'this' 'traitor' 'was' 'actually' 'meeting' 'with'
 'isis' 'and' 'arranged' 'to' 'get' 'them' 'more' 'funding' 'arms'
 'treason']",mcpain traitor in <number> mussie loving mcpain traveled to syria to meet with moderate rebels rebels sent by ohell ohellary from libya rem benghazi to attack syria president assad this traitor was actually meeting with isis and arranged to get them more funding arms treason,1,0.71472764
1179038587074990082_twitter,0,[0 0 0 0 0 0 0 0 0 0 0 0 0 0 0 0 0 1],"['i' 'just' 'wanna' 'slam' 'my' 'phone' 'across' 'the' 'floor' 'rn'
 'maybe' 'that' 'll' 'help' 'it' 'stop' 'acting' 'retarded']",i just wanna slam my phone across the floor rn maybe that ll help it stop acting retarded,1,0.9285385
1179083904269115392_twitter,1,[],"['the' 'jews' 'help' 'other' 'jews' 'the' 'asians' 'help' 'other' 'asians'
 'and' 'white' 'supremacy' 'has' 'wealth' 'frozen' 'in' 'their'
 'community' 'is' 'america' 'was' 'built' 'for' 'whites' 'not' 'blacks'
 'so' 'blacks' 'should' 'help' 'other' 'blacks']",the jews help other jews the asians help other asians and white supremacy has wealth frozen in their community is america was built for whites not blacks so blacks should help other blacks,0,0.32944566
16152907_gab,0,[0 0 0 0 0 0 0 0 0 1 1 1 0 1 1 1 1 1 1 1 1 1 1 1 0 0 0 0 0 0 0],"['i' 'swear' 'between' '<user>' 'and' '<user>' 'it' 'an' 'endless'
 'repressed' 'homosexual' 'cacophany' 'of' 'moar' 'black' 'cocks' 'i'
 'want' 'moar' 'black' 'cocks' 'an' 'gay' 'porn' 'it' 'really' 'kind' 'of'
 'sad' 'guys' 'seriously']",i swear between <user> and <user> it an endless repressed homosexual cacophany of moar black cocks i want moar black cocks an gay porn it really kind of sad guys seriously,1,0.88207287
1178490118786600966_twitter,1,[],"['i' 'feel' 'sorry' 'for' 'these' 'obviously' 'mentally' 'sick' 'white'
 'people' 'who' 'are' 'obviously' 'emotionally' 'and' 'intellectually'
 'retarded']",i feel sorry for these obviously mentally sick white people who are obviously emotionally and intellectually retarded,0,0.48604184
12583730_gab,1,[],"['that' 'because' 'u' 'blacks' 'are' 'eight' 'times' 'more' 'likely' 'to'
 'attack' 'a' 'hispanic' 'person' 'than' 'a' 'hispanic' 'person'
 'attacking' 'a' 'black' 'person' 'blacks' 'are' 'twenty' 'seven' 'times'
 'more' 'likely' 'to' 'attack' 'a' 'white' 'person' 'white' 'nfl'
 'players' 'should' 'be' 'kneeling' 'to' 'bring' 'awareness' 'to' 'the'
 'massive' 'black' 'on' 'white' 'violence']",that because u blacks are eight times more likely to attack a hispanic person than a hispanic person attacking a black person blacks are twenty seven times more likely to attack a white person white nfl players should be kneeling to bring awareness to the massive black on white violence,0,0.1724504
25573178_gab,1,[],['hewbris' 'heeb' 'jewbris' 'jew' 'needs' 'to' 'be' 'a' 'thing'],hewbris heeb jewbris jew needs to be a thing,0,0.38577956
25524231_gab,0,[0 0 0 0 0 1 1 1 1 1 1 1 1 1 1 1 1 1 1 1 1 1 1 1 1 1 1 1 1],"['if' 'this' 'soy' 'trend' 'continues' 'women' 'are' 'going' 'to' 'need'
 'ai' 'penises' 'capable' 'of' 'producing' 'sperm' 'with' 'aryan' 'dna'
 'as' 'much' 'as' 'mgtow' 'men' 'are' 'wishing' 'for' 'ai' 'wombs']",if this soy trend continues women are going to need ai penises capable of producing sperm with aryan dna as much as mgtow men are wishing for ai wombs,1,0.7061904
1178694026611937281_twitter,1,[],"['him' 'idc' 'what' 'she' 'says' 'i' 'will' 'grab' 'any' 'woman' 'by'
 'the' 'pussy' 'and' 'fuck' 'you' 'brownies' 'and' 'fuck' 'you' 'fags'
 'and' 'dykes' 'us' 'he' 'a' 'rapist' 'racist' 'homophobe' 'transphobe'
 'you' 'all' 'how' 'can' 'you' 'be' 'so' 'unpatriotic' 'can' 't' 'you'
 'see' 'he' 'is' 'bringing' 'america' 'back' 'to' 'her' 'roots' 'us' 'yup'
 'he' 'sure' 'is']",him idc what she says i will grab any woman by the pussy and fuck you brownies and fuck you fags and dykes us he a rapist racist homophobe transphobe you all how can you be so unpatriotic can t you see he is bringing america back to her roots us yup he sure is,0,0.08748586
8391527_gab,0,[1 1 1 1 1 1 1 1 1 1 1 1 1 1 1 1 1],"['ill' 'honk' 'as' 'i' 'drive' 'through' 'your' 'ghetto' 'cant' 'stop' 'i'
 'have' 'white' 'business' 'to' 'attend' 'to']",ill honk as i drive through your ghetto cant stop i have white business to attend to,1,0.94858485
1179047731505049600_twitter,1,[],"['1' 'st' 'wave' 'feminism' 'let' 'us' 'vote' 'and' 'shit' 'assholes'
 'modern' 'feminism' 'i' 'hope' 'you' 'get' 'raped' 'for' 'not' 'bowing'
 'at' 'the' 'altar' 'of' 'big' 'government' 'fellow' 'females']",1 st wave feminism let us vote and shit assholes modern feminism i hope you get raped for not bowing at the altar of big government fellow females,0,0.29833803
6709159_gab,0,[1 1 1 1 1 0 0 0 0 0 0 0 0 0 0 0 0 0 0 0 0 0 0 0 0 0 0 0 0 0],"['frigid' 'childless' 'dykes' 'conned' 'females' 'that' 'white' 'men'
 'are' 'bad' 'mmkay' 'and' 'that' 'child' 'rearing' 'and' 'taking' 'care'
 'of' 'the' 'home' 'wasn' 't' 'valuable' 'its' 'invaluable' 'and' 'always'
 'has' 'been']",frigid childless dykes conned females that white men are bad mmkay and that child rearing and taking care of the home wasn t valuable its invaluable and always has been,1,0.59063166
15920501_gab,1,[],"['our' 'local' 'moslimes' 'are' 'clustered' 'to' 'the' 'south' 'and'
 'south' 'west' 'serbia' 'does' 'not' 'have' 'colored' 'immigrants'
 'moslem' 'or' 'not' 'refugees' 'who' 'got' 'here' 'before' 'surrounding'
 'countries' 'have' 'closed' 'borders' 'are' 'located' 'in' 'special'
 'facilities' 'and' 'very' 'few' 'have' 'managed' 'to' 'escape' 'and'
 'live' 'among' 'general' 'population']",our local moslimes are clustered to the south and south west serbia does not have colored immigrants moslem or not refugees who got here before surrounding countries have closed borders are located in special facilities and very few have managed to escape and live among general population,0,0.49604806
1178573010212548608_twitter,0,[0 0 1 1 1 1 1 0 0 0 0 0 0 0],"['<user>' '<user>' 'nambia' 'and' 'other' 'shithole' 'countries' 'stand'
 'ready' 'with' 'shipments' 'of' 'extra' 'covfefe']",<user> <user> nambia and other shithole countries stand ready with shipments of extra covfefe,1,0.9585377
1093483561489817600_twitter,0,[0 0 0 0 1 1 1 1],['<user>' '<user>' 'why' 'do' 'muzzys' 'hate' 'so' 'much'],<user> <user> why do muzzys hate so much,1,0.8490974
20719350_gab,0,[0 0 0 0 0 0 0 0 1 1 1 1 1 0 0 0 0 0 0 0 1 1 1 1],"['if' 'you' 'zoom' 'in' 'real' 'close' 'to' 'the' 'dike' 'with' 'the'
 'shaved' 'head' 'you' 'will' 'notice' 'that' 'she' 'has' 'the' 'pupils'
 'of' 'a' 'serpent']",if you zoom in real close to the dike with the shaved head you will notice that she has the pupils of a serpent,1,0.8636793
22105164_gab,1,[],"['i' 'expat' 'i' 'think' 'i' 'might' 'have' 'criticised' 'some' 'muslims'
 'and' 'a' 'bit' 'of' 'islam' 'possibly' 'some' 'jews' 'slightly' 'and'
 'i' 'am' 'afraid' 'to' 'go' 'and' 'visit' 'my' 'elderly' 'relatives' 'i'
 'am' 'pro' 'israel' 'though' 'perhaps' 'that' 'like' 'a' 'sort' 'of'
 'passport' 'now' 'what' 'happening' 'to' 'us']",i expat i think i might have criticised some muslims and a bit of islam possibly some jews slightly and i am afraid to go and visit my elderly relatives i am pro israel though perhaps that like a sort of passport now what happening to us,0,0.4491057
1109854013883932677_twitter,0,[0 0 0 0 0 1 1 1],['<user>' '<user>' 'yes' 'terrorism' 'and' 'hate' 'is' 'islam'],<user> <user> yes terrorism and hate is islam,1,0.9287327
9119135_gab,0,"[0 0 0 0 0 0 0 0 1 1 1 0 0 0 0 0 0 0 0 0 0 0 0 1 1 1 1 0 1 1 1 0 1 1 1 1 1
 1 1 1 1 0 0 0 0 1 1 1 1 1 1 1]","['they' 'are' 'going' 'around' 'right' 'now' 'looking' 'for' 'racist'
 'zip' 'codes' 'they' 'are' 'getting' 'into' 'some' 'of' 'the' 'nicest'
 'areas' 'here' 'right' 'now' 'full' 'ghetto' 'bullshit' 'coming' 'in'
 'diversity' 'divides' 'stl' 'is' 'fucking' 'rough' 'and' 'no' 'white'
 'person' 'goes' 'to' 'their' 'neighborhoods' 'for' 'a' 'reason' 'no'
 'reason' 'to' 'invite' 'them' 'in' 'ours']",they are going around right now looking for racist zip codes they are getting into some of the nicest areas here right now full ghetto bullshit coming in diversity divides stl is fucking rough and no white person goes to their neighborhoods for a reason no reason to invite them in ours,1,0.76374817
1145822326572740609_twitter,0,[0 0 0 0 0 1 1 0 0 0 0 0 0 0 0 0 0 0 1 0 0 1 0 0 0],"['i' 'called' 'my' 'boyfriend' 'a' 'broke' 'bitch' 'one' 'time' 'n' 'he'
 'still' 'won' '‚Äô' 't' 'unblock' 'me' 'i' 'hate' 'you' 'la' 'niggas' 'üò≠'
 'üò≠' 'üò≠']",i called my boyfriend a broke bitch one time n he still won ‚Äô t unblock me i hate you la niggas üò≠ üò≠ üò≠,1,0.9532315
1178728780937998337_twitter,0,[0 0 1 1 1 0 0 0 0 0 0 0 0 0],"['<user>' '<user>' 'listen' 'you' 'faggots' 'it' 'all' 'bollocks' 'you'
 'know' 'twat' 'is' 'the' 'best']",<user> <user> listen you faggots it all bollocks you know twat is the best,1,0.92988735
14708270_gab,1,[],"['moslem' 'migrant' '<number>' 'i' 'know' 'how' 'to' 'color' 'i' 'also'
 'know' 'how' 'to' 'shave' 'and' 'shape' 'my' 'goatie' 'moslem' 'migrant'
 '<number>' 'i' 'want' 'to' 'paint' 'a' 'picture' 'of' 'myself' 'with'
 'facial' 'hair' 'and' 'i' 'can' 'count' 'to' 'potato']",moslem migrant <number> i know how to color i also know how to shave and shape my goatie moslem migrant <number> i want to paint a picture of myself with facial hair and i can count to potato,0,0.044472914
7179173_gab,1,[],['just' 'do' 'not' 'say' 'nigger'],just do not say nigger,0,0.28886992
1177977915662839808_twitter,1,[],['rich' 'twerkin' 'fuck' 'with' 'big' 'ferrari' 'this' 'nigger'],rich twerkin fuck with big ferrari this nigger,0,0.4726226
12802903_gab,0,[1 1 1 1 1 1 1 1 1 1 1],"['only' 'white' 'people' 'will' 'preserve' 'our' 'whiteculture' 'and'
 'europeanheritage' 'tradlife' 'altright']",only white people will preserve our whiteculture and europeanheritage tradlife altright,1,0.92788786
1165629440665235459_twitter,1,[],"['niggaz' 'are' 'drinking' 'black' 'label' 'and' 'corona' 'pre' 'game'
 'lol']",niggaz are drinking black label and corona pre game lol,0,0.028734319
3339603_gab,1,[],"['<user>' 'because' 'i' 'criticize' 'the' 'role' 'jews' 'are' 'playing'
 'in' 'society' 'this' 'is' 'literally' 'some' 'of' 'the' 'most' 'cucked'
 'stuff' 'i' 'have' 'heard' 'are' 'you' 'also' 'critical' 'of' 'asians'
 'for' 'their' 'work' 'ethic' 'or' 'mediterraneans' 'for' 'their' 'fiery'
 'tempers' 'such' 'an' 'immature' 'grouping']",<user> because i criticize the role jews are playing in society this is literally some of the most cucked stuff i have heard are you also critical of asians for their work ethic or mediterraneans for their fiery tempers such an immature grouping,0,0.28517282
9344571_gab,0,[1 1 1 1 1 1 1 1 1 1 1 1 1 1 1 1 1 1 1 1 1 1 1 1 1 1 1 1 1 1 1 1 1 1],"['there' 'really' 'is' 'an' 'international' 'conspiracy' 'to' 'turn' 'all'
 'white' 'countries' 'into' 'non' 'white' 'countries' 'they' 'are'
 'increasingly' 'open' 'about' 'it' 'the' 'neo' 'nazi' 'conspiracy'
 'theorists' 'were' 'not' 'paranoid' 'they' 'were' 'right' 'all' 'along']",there really is an international conspiracy to turn all white countries into non white countries they are increasingly open about it the neo nazi conspiracy theorists were not paranoid they were right all along,1,0.91204524
21198393_gab,0,"[1 1 0 0 0 0 0 0 0 0 0 0 1 1 1 0 0 0 0 0 0 0 0 0 0 1 1 0 0 0 0 0 0 0 0 0 0
 0 0 1 1 1]","['kike' 'dike' 'kathy' 'schrock' 'is' 'leading' 'educators' 'all' 'over'
 'the' 'nation' 'in' 'ed' 'tech' 'a' 'movement' 'to' 'get' 'your' 'kids'
 'more' 'engulfed' 'in' 'techno' 'addictions' 'ed' 'tech' 'also' 'pushes'
 'children' 'away' 'from' 'local' 'traditions' 'into' 'the' 'curriculum'
 'models' 'of' 'silicon' 'valley' 'altrighteducation']",kike dike kathy schrock is leading educators all over the nation in ed tech a movement to get your kids more engulfed in techno addictions ed tech also pushes children away from local traditions into the curriculum models of silicon valley altrighteducation,1,0.5640535
1178876346635829250_twitter,0,[0 1 0 0 0 1 0 0],['these' 'niggas' 'be' 'tough' 'ass' 'faggots' 'üòÇ' 'üòÇ'],these niggas be tough ass faggots üòÇ üòÇ,1,0.8017807
11901142_gab,1,[],"['i' 'took' 'my' 'black' 'powder' '<number>' 'cal' 'muzzie' 'loader' 'out'
 'to' 'the' 'road' 'mounted' 'on' 'the' 'scope' 'i' 'can' 'even' 'use'
 'rocks' 'when' 'i' 'run' 'out' 'of' 'lead' 'great' 'gun' 'except' 'in'
 'the' 'rain']",i took my black powder <number> cal muzzie loader out to the road mounted on the scope i can even use rocks when i run out of lead great gun except in the rain,0,0.18249835
1178878087230046209_twitter,0,"[0 0 0 0 0 0 0 0 0 0 0 0 0 0 0 0 0 0 1 1 1 1 1 1 1 1 1 1 1 1 1 1 1 1 1 1 1
 1 0 0 0]","['<user>' '<user>' 'you' 'all' 'only' 'caring' 'about' 'their' 'hair' 'if'
 'these' 'kids' 'were' 'white' 'it' 'would' 'be' 'different' 'latinos'
 'love' 'playing' 'both' 'sides' 'they' 'your' 'homeboy' 'until' 'u' 'say'
 'mi' 'amigo' 'or' 'deportation' 'then' 'u' 'a' 'porch' 'monkey' 'i'
 'could' 'ever']",<user> <user> you all only caring about their hair if these kids were white it would be different latinos love playing both sides they your homeboy until u say mi amigo or deportation then u a porch monkey i could ever,1,0.92821383
10027973_gab,1,[],"['<number>' 'would' 'you' 'like' 'your' 'nigger' 'tote' 'in' 'the'
 'traybon' 'or' 'the' 'michael' 'brown' 'size' 'sir']",<number> would you like your nigger tote in the traybon or the michael brown size sir,0,0.082180254
23780269_gab,1,[],"['do' 'you' 'lads' 'like' 'yachts' 'are' 'you' 'aware' 'that' 'caligula'
 'had' 'the' 'first' 'yachts' 'built' 'out' 'of' 'wood' 'of' 'course'
 'not' 'because' 'he' 'was' 'deranged' 'and' 'had' 'sex' 'with' 'a'
 'horse' 'maybe' 'just' 'maybe' 'that' 'is' 'a' 'lie' 'no' 'goy'
 '<number>' 'gorrillion' 'jews' 'died']",do you lads like yachts are you aware that caligula had the first yachts built out of wood of course not because he was deranged and had sex with a horse maybe just maybe that is a lie no goy <number> gorrillion jews died,0,0.18952107
22424020_gab,1,[],['muslims' 'and' 'jews' 'are' 'allies'],muslims and jews are allies,0,0.24762337
1179094068338409473_twitter,0,[0 0 0 0 1 0 0 0 0],"['<user>' '<user>' 'notice' 'the' 'towelhead' 'music' 'in' 'the'
 'background']",<user> <user> notice the towelhead music in the background,1,0.7858021
12767758_gab,1,[],"['it' 'will' 'get' 'the' 'same' 'coverage' 'the' 'black' 'moslem' 'serial'
 'killer' 'of' 'gays' 'in' '<number>' 'states' 'got']",it will get the same coverage the black moslem serial killer of gays in <number> states got,0,0.041230027
1178914996580839424_twitter,1,[],"['do' 'not' 'call' 'my' 'phone' 'with' 'nothing' 'to' 'talk' 'about'
 'this' 'late' 'at' 'night' 'and' 'definitely' 'do' 'not' 'call' 'me'
 'phone' 'and' 'use' 'slurs' 'these' 'slurs' 'include' 'retard' 'faggot'
 'tranny' 'spic' 'chink' 'and' 'other' 'offensive' 'ass' 'word' 'i' 'will'
 'literally' 'never' 'talk' 'to' 'you' 'again']",do not call my phone with nothing to talk about this late at night and definitely do not call me phone and use slurs these slurs include retard faggot tranny spic chink and other offensive ass word i will literally never talk to you again,0,0.23731071
1178541520980459520_twitter,1,[],"['the' 'white' 'guilty' 'boy' 'is' 'a' 'faggot' 'the' 'guilty' 'darker'
 'men' 'are' 'idiots' 'and' 'like' 'white' 'nosy' 'whores' 'and' 'skin'
 'color' 'division' 'bcus' 'they' 'have' 'feminine' 'qualities' 'like'
 'females' 'they' 'make' 'no' 'heterosexual' 'kids' 'on' 'any' 'level'
 'even' 'though' 'they' 'claim' 'to' 'be' 'heterosexual' 'you' 'all' 'are'
 'garbage']",the white guilty boy is a faggot the guilty darker men are idiots and like white nosy whores and skin color division bcus they have feminine qualities like females they make no heterosexual kids on any level even though they claim to be heterosexual you all are garbage,0,0.027848449
1179012746781679623_twitter,0,[0 0 0 0 0 0 1 0 0 0 0 0 0 0 0 0 0 0 0 0 0 0],"['<user>' '<user>' 'do' 'not' 'you' 'mean' 'niggers' 'everywhere' 'ü§î'
 'just' 'seeing' 'how' 'fast' 'i' 'can' 'lose' 'my' 'account' 'with'
 'this' 'word' 'lol']",<user> <user> do not you mean niggers everywhere ü§î just seeing how fast i can lose my account with this word lol,1,0.9513234
25121240_gab,1,[],"['i' 'love' 'it' 'i' 'have' 'honey' 'bees' 'as' 'well' 'do' 'not' 'know'
 'where' 'your' 'at' 'but' 'here' 'i' 'had' 'to' 'put' 'a' 'fence'
 'around' 'it' 'to' 'keep' 'the' 'coons' 'from' 'knocking' 'my' 'hives'
 'over' 'fact']",i love it i have honey bees as well do not know where your at but here i had to put a fence around it to keep the coons from knocking my hives over fact,0,0.19544049
19156920_gab,1,[],"['a' 'cunardly' 'group' 'sex' 'mobile' 'glory' 'hole' 'device' 'its' 'no3'
 'on' 'the' 'takeaway' 'menu' 'cunardly' 'made' 'ceramic' 'sinks' 'a'
 'cunardly' 'sink' 'chink']",a cunardly group sex mobile glory hole device its no3 on the takeaway menu cunardly made ceramic sinks a cunardly sink chink,0,0.32578862
1177971373035139076_twitter,0,[0 0 0 0 0 0 0 0 0 0 0 0 0 0 0 0 0 1 1 1 0 0 0 0 0 0],"['<user>' 'this' 'is' 'not' 'funny' 'i' 'am' 'lactating' 'samantha' 'i'
 'need' 'you' 'to' 'film' 'it' 'or' 'else' 'ching' 'chong' 'woman' 'will'
 'drown' 'in' 'auntie' 'tit' 'milk']",<user> this is not funny i am lactating samantha i need you to film it or else ching chong woman will drown in auntie tit milk,1,0.5021362
11147738_gab,1,[],"['is' 'it' 'weird' 'that' 'i' 'do' 'not' 'mind' 'the' 'anti' 'semitism'
 'that' 'i' 'have' 'seen' 'on' 'gab' 'use' 'of' 'the' 'word' 'kike'
 'never' 'had' 'any' 'weight' 'to' 'me' 'also' 'there' 'only' '<number>'
 'million' 'of' 'us' 'in' 'the' 'world' 'and' 'billions' 'hate' 'us' 'how'
 'can' 'we' 'control' 'anything']",is it weird that i do not mind the anti semitism that i have seen on gab use of the word kike never had any weight to me also there only <number> million of us in the world and billions hate us how can we control anything,0,0.10951516
1179038234296193025_twitter,1,[],"['arabs' 'that' 'are' 'obsessed' 'with' 'their' 'white' 'skin' 'are' 'the'
 'first' 'to' 'go' 'in' 'the' 'race' 'war']",arabs that are obsessed with their white skin are the first to go in the race war,0,0.17398883
1802323_gab,1,[],"['just' 'another' 'moslem' 'victim' 'card' 'they' 'eat' 'meat' 'and'
 'pigs' 'are' 'killed' 'in' 'the' 'same' 'slaughter' 'houses' 'as' 'their'
 'meat' 'if' 'this' 'was' 'real' 'every' 'damn' 'moslem' 'in' 'civilised'
 'countries' 'would' 'be' 'vegetarian' '<user>']",just another moslem victim card they eat meat and pigs are killed in the same slaughter houses as their meat if this was real every damn moslem in civilised countries would be vegetarian <user>,0,0.023689471
1178760102012174338_twitter,0,[0 1 1 1 1 1 1 1 1 1],"['being' 'sexually' 'attracted' 'to' 'white' 'guys' 'is' 'a' 'fucking'
 'disease']",being sexually attracted to white guys is a fucking disease,1,0.9315248
4585845_gab,0,[1 1 1 1 1 1 1 1 1 1 1 1 1 1 1 1],"['possibly' 'the' 'single' 'best' 'refutation' 'of' 'islam' 'as' 'a'
 'religion' 'that' 'i' 'have' 'ever' 'come' 'across']",possibly the single best refutation of islam as a religion that i have ever come across,1,0.6932653
19574375_gab,0,[0 0 0 1 0 0 0 0 0 0 0 0 0 1 1 1 1 1 0 0 0 0 0 0],"['imagine' 'being' 'so' 'retarded' 'you' 'think' 'calling'
 'nationalsocialism' 'leftist' 'is' 'an' 'argument' 'while' 'ignoring'
 'the' 'literal' 'jewish' 'communist' 'foundations' 'your' 'ideology' 'is'
 'based' 'on']",imagine being so retarded you think calling nationalsocialism leftist is an argument while ignoring the literal jewish communist foundations your ideology is based on,1,0.80980295
26795547_gab,1,[],"['so' 'an' 'inside' 'joke' 'and' 'i' 'am' 'the' 'so' 'called' 'inept'
 'pelican' 'wow' 'haha' 'go' 'have' 'your' 'silly' 'fun' 'i' 'guess'
 'nigger']",so an inside joke and i am the so called inept pelican wow haha go have your silly fun i guess nigger,0,0.28492406
1162378720855957504_twitter,1,[],['<user>' 'cool' 'now' 'do' 'jews'],<user> cool now do jews,0,0.38745853
1118090272213295105_twitter,1,[],['hot' 'phat' 'ass' 'stash' 'big' 'this' 'nigger' 'this' 'nigger'],hot phat ass stash big this nigger this nigger,0,0.33952644
1178738567616618496_twitter,0,[0 0 0 0 0 0 0 0 0 0 0 0 0 0 0 0 0 0 0 0 0 0 0 1 1 0],"['<user>' 'apparently' 'there' 'is' 'some' 'weird' 'edl' 'type' 'plotline'
 'too' 'one' 'of' 'the' 'old' 'main' 'gay' 'characters' 'has' 'been'
 'groomed' 'to' 'become' 'a' 'muzzy' 'hater' 'lmao']",<user> apparently there is some weird edl type plotline too one of the old main gay characters has been groomed to become a muzzy hater lmao,1,0.58887434
24235839_gab,1,[],"['look' 'you' 'were' 'useful' 'in' 'that' 'you' 'gave' 'me' 'the'
 'opportunity' 'to' 'express' 'my' 'own' 'views' 'and' 'a' 'backdrop'
 'against' 'which' 'to' 'set' 'it' 'but' 'i' 'am' 'done' 'and' 'you' 'are'
 'boring' 'so' 'goodbye' 'oh' 'and' 'jews' 'did' 'not' 'put' 'blacks' 'in'
 'south' 'africa' 'reality' 'did' 'that' 'long' 'before' 'we' 'got'
 'there']",look you were useful in that you gave me the opportunity to express my own views and a backdrop against which to set it but i am done and you are boring so goodbye oh and jews did not put blacks in south africa reality did that long before we got there,0,0.060307633
1173971919735066627_twitter,1,[],"['yes' 'you' 'can' 'be' 'a' 'bigoted' 'racist' 'homophobic' 'pile' 'of'
 'redundant' 'protoplasm' 'and' 'others' 'will' 'gladly' 'show' 'your'
 'terrible' 'ass' 'the' 'door']",yes you can be a bigoted racist homophobic pile of redundant protoplasm and others will gladly show your terrible ass the door,0,0.47866592
1177986186989715457_twitter,1,[],"['<user>' 'basically' 'made' 'a' 'towelhead' 'joke' 'about' 'punjabi'
 'ppl' 'üòê']",<user> basically made a towelhead joke about punjabi ppl üòê,0,0.46705827
13757529_gab,1,[],['nigger' 'you' 'sold' '<number>' 'books' 'all' 'year' 'lol'],nigger you sold <number> books all year lol,0,0.25437003
1242862855390736385_twitter,0,[0 0 0 0 0 1 1 0 0 0 0 0 0 0 0 0 1 1 1 1 1],"['<user>' '<user>' 'tell' 'her' 'to' 'fuck' 'off' 'what' 'the' 'hell' 'is'
 'she' 'doing' 'posing' 'as' 'a' 'rabbi' 'vile' 'common' 'shit' 'bitch']",<user> <user> tell her to fuck off what the hell is she doing posing as a rabbi vile common shit bitch,1,0.94417685
1178807580396806144_twitter,1,[],['bitch' 'sun' 'dyke' 'moon' 'cunt' 'rising'],bitch sun dyke moon cunt rising,0,0.3083985
1105175976613416961_twitter,0,[0 0 0 0 0 1 0 0 0 0 1 1 1 1 1 1 1 1 1],"['<user>' 'have' 'you' 'seen' 'the' 'demisexual' 'flag' 'w' 'the'
 'triangle' 'i' 'fucking' 'hate' 'it' 'its' 'like' 'stolen' 'holocaust'
 'symbology']",<user> have you seen the demisexual flag w the triangle i fucking hate it its like stolen holocaust symbology,1,0.95976204
